<application>
  <component name="AppStorage">
    <option name="newTranslationDialogWidth" value="482" />
    <option name="newTranslationDialogX" value="849" />
    <option name="newTranslationDialogY" value="483" />
    <histories>
      <item value="牟" />
      <item value="twenty" />
      <item value="Acquire" />
      <item value="wealth" />
      <item value="Tweet" />
      <item value="减少的余额" />
      <item value="减少的" />
      <item value="减少" />
      <item value="a" />
      <item value="j" />
      <item value="Fit" />
      <item value="draw" />
      <item value="Emit" />
      <item value="排名&#10;" />
      <item value="Rank" />
      <item value="The calls with the same key are dependent, concurrent calls share the returned values." />
      <item value="lets the concurrent calls with the same key to share the call result. For example, A called F, before it's done, B called F. Then B would not execute F, and shared the result returned by F which called by A." />
      <item value="Charm" />
      <item value="reviewed" />
      <item value="the coordinator has begun rebalancing the group, the client should rejoin the group" />
      <item value="Rebalance In Progress" />
      <item value="preside" />
      <item value="multi Statements" />
      <item value="opens a database specified by its database driver name and a driver-specific data source name, usually consisting of at least a database name and connection information." />
      <item value="Prepares" />
      <item value="foo" />
      <item value="fake" />
      <item value="returns a single connection by either opening a new connection or returning an existing connection from the connection pool. Conn will block until either a connection is returned or ctx is canceled. Queries run on the same Conn will be run in the same database session." />
      <item value="Uncommitted" />
      <item value="Isolation is the transaction isolation level. If zero, the driver or database's default level is used." />
      <item value="starts a transaction. The default isolation level is dependent on the driver." />
      <item value="The rollback will be ignored if the tx has been committed later in the function." />
      <item value="Ping and PingContext may be used to determine if communication with the database server is still possible. When used in a command line application Ping may be used to establish that further queries are possible; that the provided DSN is valid. When used in long running service Ping may be part of the health checking system." />
      <item value="Deadline returns the time when work done on behalf of this context should be canceled. Deadline returns ok==false when no deadline is set. Successive calls to Deadline return the same results." />
      <item value="If the database is being written to ensure to check for Close errors that may be returned from the driver. The query may encounter an auto-commit error and be forced to rollback changes." />
      <item value="beginnable" />
      <item value="Promise interface defines the callbacks that returned by Breaker.Allow." />
      <item value="breaker" />
      <item value="Tell the command to automatically stage files that have been modified and deleted, but new files you have not told Git about are not affected." />
      <item value="A Breaker represents a circuit breaker." />
      <item value="Acceptable" />
      <item value="Notification" />
      <item value="主动" />
      <item value="下播" />
      <item value="主动下播" />
      <item value="Confirm" />
      <item value="Download" />
      <item value="migrate&#10;" />
      <item value="m" />
      <item value="Partial" />
    </histories>
  </component>
  <component name="Cache">
    <option name="lastTrimTime" value="1624240940393" />
  </component>
</application>